Feature,Importance
Mentors,0.1885000029120812
Kids under 5,0.06182422204869708
Gender (Female),0.030785021689370518
Marital Status,0.01489871805630189
PhD Quality,-0.0036791607283544084
