Feature,Importance
Mentors,0.15058930761444306
Kids under 5,0.026130469140193523
Gender (Female),0.012593758820669865
Marital Status,0.004329506363592073
PhD Quality,0.0010550066348742138
