Feature,Importance
Mentors,0.40875983018031264
PhD Quality,0.1436023612898353
Gender (Female),0.040913211897921874
Marital Status,0.03199504564156689
Kids under 5,0.0
