Feature,Importance
Mentors,0.6113968362503142
PhD Quality,0.25383196111374845
Marital Status,0.08905721821385253
Gender (Female),0.045713984422084825
Kids under 5,0.0
